pool_type,account_id,user_id,created_at
FIVE_150,8804,32,2026-03-09 07:12:01.341272+00:00
FIVE_150,8802,32,2026-03-09 07:08:20.154026+00:00
FIVE_150,8778,32,2026-02-26 02:03:46.756526+00:00
FIVE_150,8530,32,2026-02-08 10:10:29.777509+00:00
FIVE_150,8529,32,2026-02-08 10:10:27.387064+00:00
FIVE_150,9032,125,2026-04-02 05:16:54.702916+00:00
FIVE_150,8579,125,2026-02-08 10:20:14.043718+00:00
FIVE_150,8578,125,2026-02-08 10:19:55.716246+00:00
FIVE_150,8577,125,2026-02-08 10:19:36.202582+00:00
FIVE_150,8566,125,2026-02-08 10:16:13.189326+00:00
FIVE_150,8565,125,2026-02-08 10:15:47.679753+00:00
FIVE_150,8555,125,2026-02-08 10:13:47.072951+00:00
FIVE_150,8554,125,2026-02-08 10:13:35.453231+00:00
FIVE_150,8726,134,2026-02-18 12:25:18.485644+00:00
FIVE_150,8724,134,2026-02-18 12:25:16.529308+00:00
FIVE_150,9033,136,2026-04-02 05:16:59.280908+00:00
FIVE_150,8850,136,2026-03-17 03:56:36.068793+00:00
FIVE_150,8848,136,2026-03-17 03:56:34.205278+00:00
FIVE_150,8774,136,2026-02-25 04:58:42.972845+00:00
FIVE_150,8772,136,2026-02-25 04:58:41.071882+00:00
FIVE_150,8770,136,2026-02-25 04:56:40.890220+00:00
FIVE_150,8768,136,2026-02-25 04:56:39.260515+00:00
FIVE_150,8582,136,2026-02-08 10:20:23.624796+00:00
FIVE_150,8581,136,2026-02-08 10:20:20.607449+00:00
FIVE_150,8580,136,2026-02-08 10:20:16.581366+00:00
FIVE_150,8734,183,2026-02-19 07:26:25.665816+00:00
FIVE_150,8732,183,2026-02-19 07:26:23.111256+00:00
FIVE_150,8830,193,2026-03-10 10:04:13.176644+00:00
FIVE_150,8828,193,2026-03-10 10:04:10.888490+00:00
FIVE_150,8584,193,2026-02-08 10:21:12.888654+00:00
FIVE_150,8603,194,2026-02-08 10:24:14.456617+00:00
FIVE_150,8686,204,2026-02-09 19:15:20.189631+00:00
FIVE_150,8684,204,2026-02-09 19:15:19.266870+00:00
FIVE_150,8594,206,2026-02-08 10:23:10.967963+00:00
FIVE_150,8586,207,2026-02-08 10:21:17.374131+00:00
FIVE_150,8593,208,2026-02-08 10:22:47.315156+00:00
FIVE_150,8587,209,2026-02-08 10:21:20.089762+00:00
FIVE_150,8588,210,2026-02-08 10:21:22.907354+00:00
FIVE_150,8589,211,2026-02-08 10:21:24.875380+00:00
FIVE_150,8591,215,2026-02-08 10:21:50.747577+00:00
FIVE_150,8590,216,2026-02-08 10:21:47.913884+00:00
FIVE_150,8592,220,2026-02-08 10:22:14.483043+00:00
FIVE_150,8595,222,2026-02-08 10:23:12.712541+00:00
FIVE_150,9043,223,2026-04-02 08:16:26.441918+00:00
FIVE_150,9014,223,2026-04-02 05:13:29.235213+00:00
FIVE_150,8766,223,2026-02-22 04:33:50.604860+00:00
FIVE_150,8764,223,2026-02-22 04:33:48.772859+00:00
FIVE_150,8597,224,2026-02-08 10:23:17.768843+00:00
FIVE_150,8596,228,2026-02-08 10:23:14.574992+00:00
FIVE_150,8599,229,2026-02-08 10:23:22.804990+00:00
FIVE_150,8598,229,2026-02-08 10:23:19.878938+00:00
FIVE_150,8762,230,2026-02-21 13:40:17.012663+00:00
FIVE_150,8760,230,2026-02-21 13:40:15.374455+00:00
FIVE_150,8832,232,2026-03-10 10:21:32.398905+00:00
FIVE_150,8600,233,2026-02-08 10:23:24.752787+00:00
FIVE_150,8601,236,2026-02-08 10:23:47.270281+00:00
FIVE_150,8602,237,2026-02-08 10:23:49.468274+00:00
FIVE_150,8856,245,2026-03-21 17:07:41.881910+00:00
FIVE_150,8679,245,2026-02-09 07:48:16.823749+00:00
FIVE_150,8682,247,2026-02-09 14:11:17.778361+00:00
FIVE_150,8680,247,2026-02-09 14:11:15.979142+00:00
FIVE_150,8746,270,2026-02-20 11:10:15.886785+00:00
FIVE_150,8744,270,2026-02-20 11:10:13.863777+00:00
FIVE_150,8690,274,2026-02-14 15:24:41.086238+00:00
FIVE_150,8688,274,2026-02-14 15:24:39.976704+00:00
FIVE_150,9049,275,2026-04-02 08:17:18.200777+00:00
FIVE_150,9020,275,2026-04-02 05:14:15.254065+00:00
FIVE_150,8694,275,2026-02-14 15:24:52.945214+00:00
FIVE_150,8692,275,2026-02-14 15:24:50.115430+00:00
FIVE_150,9045,277,2026-04-02 08:16:34.881920+00:00
FIVE_150,9016,277,2026-04-02 05:13:36.885279+00:00
FIVE_150,8826,277,2026-03-09 08:10:50.825408+00:00
FIVE_150,8824,277,2026-03-09 08:10:45.475391+00:00
FIVE_150,8822,277,2026-03-09 08:10:39.863625+00:00
FIVE_150,8820,277,2026-03-09 08:10:36.654339+00:00
FIVE_150,8818,277,2026-03-09 08:10:30.011470+00:00
FIVE_150,8816,277,2026-03-09 08:10:27.602975+00:00
FIVE_150,8814,277,2026-03-09 08:10:14.084050+00:00
FIVE_150,8812,277,2026-03-09 08:10:10.908207+00:00
FIVE_150,8810,277,2026-03-09 08:10:07.773124+00:00
FIVE_150,8808,277,2026-03-09 08:10:05.487199+00:00
FIVE_150,8796,277,2026-03-04 17:07:09.227025+00:00
FIVE_150,8794,277,2026-03-04 17:07:07.145445+00:00
FIVE_150,8792,277,2026-03-04 17:06:57.613455+00:00
FIVE_150,8790,277,2026-03-04 17:06:55.205517+00:00
FIVE_150,8788,277,2026-03-04 17:06:45.686129+00:00
FIVE_150,8786,277,2026-03-04 17:06:43.820754+00:00
FIVE_150,8698,277,2026-02-15 16:33:58.743106+00:00
FIVE_150,8696,277,2026-02-15 16:33:56.764568+00:00
FIVE_150,8702,279,2026-02-15 16:34:05.804198+00:00
FIVE_150,8700,279,2026-02-15 16:34:03.757713+00:00
FIVE_150,8710,280,2026-02-16 06:51:17.507647+00:00
FIVE_150,8708,280,2026-02-16 06:51:15.569636+00:00
FIVE_150,8706,281,2026-02-16 06:50:41.011008+00:00
FIVE_150,8704,281,2026-02-16 06:50:39.197132+00:00
FIVE_150,8714,282,2026-02-16 10:12:31.180636+00:00
FIVE_150,8712,282,2026-02-16 10:12:29.242076+00:00
FIVE_150,8730,286,2026-02-18 12:25:28.693112+00:00
FIVE_150,8728,286,2026-02-18 12:25:27.166214+00:00
FIVE_150,8722,288,2026-02-17 14:36:30.889000+00:00
FIVE_150,8720,288,2026-02-17 14:36:29.625276+00:00
FIVE_150,8776,294,2026-02-25 06:48:49.810257+00:00
FIVE_150,9054,295,2026-04-02 08:18:30.581474+00:00
FIVE_150,9025,295,2026-04-02 05:15:26.889645+00:00
FIVE_150,9007,295,2026-04-02 05:10:15.527269+00:00
FIVE_150,8878,295,2026-03-25 08:18:00.257842+00:00
FIVE_150,8876,295,2026-03-25 08:17:52.980396+00:00
FIVE_150,8874,295,2026-03-25 08:17:45.774297+00:00
FIVE_150,8872,295,2026-03-25 07:48:20.691869+00:00
FIVE_150,8738,295,2026-02-19 15:27:07.855122+00:00
FIVE_150,8736,295,2026-02-19 15:27:06.180812+00:00
FIVE_150,8758,298,2026-02-21 04:16:57.111307+00:00
FIVE_150,8756,298,2026-02-21 04:16:55.457154+00:00
FIVE_150,8754,304,2026-02-21 04:08:28.971951+00:00
FIVE_150,8752,304,2026-02-21 04:08:27.428778+00:00
FIVE_150,9053,319,2026-04-02 08:18:15.798494+00:00
FIVE_150,9024,319,2026-04-02 05:15:11.124957+00:00
FIVE_150,9006,319,2026-04-02 05:09:59.149309+00:00
FIVE_150,8992,319,2026-04-02 04:18:49.335569+00:00
FIVE_150,8780,326,2026-02-26 03:58:46.899777+00:00
FIVE_150,9039,327,2026-04-02 05:18:25.670353+00:00
FIVE_150,8994,327,2026-04-02 04:29:12.588115+00:00
FIVE_150,8782,328,2026-03-02 04:25:14.245993+00:00
FIVE_150,8784,333,2026-03-04 11:52:35.494975+00:00
FIVE_150,8834,337,2026-03-11 06:24:27.663649+00:00
FIVE_150,9047,338,2026-04-02 08:16:43.000175+00:00
FIVE_150,9018,338,2026-04-02 05:13:43.576887+00:00
FIVE_150,8840,338,2026-03-13 14:18:27.688531+00:00
FIVE_150,9046,340,2026-04-02 08:16:39.211833+00:00
FIVE_150,9017,340,2026-04-02 05:13:39.854291+00:00
FIVE_150,9042,341,2026-04-02 08:16:21.447858+00:00
FIVE_150,9013,341,2026-04-02 05:13:24.709738+00:00
FIVE_150,8798,341,2026-03-08 16:54:53.045145+00:00
FIVE_150,9044,343,2026-04-02 08:16:29.608140+00:00
FIVE_150,9015,343,2026-04-02 05:13:32.191947+00:00
FIVE_150,8800,343,2026-03-09 06:02:25.969068+00:00
FIVE_150,8854,345,2026-03-21 17:03:59.420594+00:00
FIVE_150,8836,346,2026-03-11 06:28:39.757746+00:00
FIVE_150,9051,347,2026-04-02 08:17:36.554243+00:00
FIVE_150,9022,347,2026-04-02 05:14:32.232708+00:00
FIVE_150,9004,347,2026-04-02 05:09:28.381920+00:00
FIVE_150,8852,347,2026-03-18 15:38:39.164040+00:00
FIVE_150,8838,348,2026-03-11 12:01:15.986577+00:00
FIVE_150,8858,349,2026-03-22 13:39:58.875000+00:00
FIVE_150,9048,351,2026-04-02 08:16:46.659710+00:00
FIVE_150,9019,351,2026-04-02 05:13:46.242799+00:00
FIVE_150,9050,357,2026-04-02 08:17:32.016546+00:00
FIVE_150,9021,357,2026-04-02 05:14:28.722671+00:00
FIVE_150,9003,357,2026-04-02 05:09:25.341680+00:00
FIVE_150,8844,357,2026-03-16 07:08:38.564324+00:00
FIVE_150,8846,358,2026-03-16 16:21:17.371229+00:00
FIVE_150,9055,362,2026-04-02 08:18:43.300810+00:00
FIVE_150,9026,362,2026-04-02 05:15:39.528723+00:00
FIVE_150,9008,362,2026-04-02 05:10:27.645739+00:00
FIVE_150,8924,362,2026-03-25 18:32:01.368968+00:00
FIVE_150,8922,362,2026-03-25 14:58:32.930978+00:00
FIVE_150,8920,362,2026-03-25 11:11:24.736690+00:00
FIVE_150,8918,362,2026-03-25 11:11:10.477530+00:00
FIVE_150,8916,362,2026-03-25 11:10:59.670867+00:00
FIVE_150,8914,362,2026-03-25 11:10:49.431861+00:00
FIVE_150,8912,362,2026-03-25 11:10:35.054401+00:00
FIVE_150,8910,362,2026-03-25 11:10:19.809732+00:00
FIVE_150,8908,362,2026-03-25 11:10:03.192670+00:00
FIVE_150,8906,362,2026-03-25 11:09:48.160691+00:00
FIVE_150,8904,362,2026-03-25 11:09:38.983909+00:00
FIVE_150,8902,362,2026-03-25 11:09:28.164327+00:00
FIVE_150,8900,362,2026-03-25 11:09:15.771993+00:00
FIVE_150,8898,362,2026-03-25 11:09:06.842133+00:00
FIVE_150,8896,362,2026-03-25 11:08:56.893085+00:00
FIVE_150,8894,362,2026-03-25 11:08:45.598733+00:00
FIVE_150,8892,362,2026-03-25 11:08:34.543629+00:00
FIVE_150,8890,362,2026-03-25 11:08:19.611454+00:00
FIVE_150,8888,362,2026-03-25 11:07:50.851460+00:00
FIVE_150,8884,362,2026-03-25 08:27:26.062590+00:00
FIVE_150,8882,362,2026-03-25 08:27:19.098906+00:00
FIVE_150,8880,362,2026-03-25 08:27:09.869133+00:00
FIVE_150,8860,362,2026-03-24 03:21:53.574397+00:00
FIVE_150,9056,363,2026-04-02 08:18:49.957789+00:00
FIVE_150,9027,363,2026-04-02 05:15:46.171583+00:00
FIVE_150,9009,363,2026-04-02 05:10:32.440609+00:00
FIVE_150,9028,364,2026-04-02 05:15:52.052830+00:00
FIVE_150,9010,364,2026-04-02 05:10:38.057366+00:00
FIVE_150,8864,364,2026-03-24 03:52:33.552916+00:00
FIVE_150,9029,365,2026-04-02 05:15:59.072941+00:00
FIVE_150,9011,365,2026-04-02 05:10:43.674503+00:00
FIVE_150,9030,366,2026-04-02 05:16:06.428041+00:00
FIVE_150,9012,366,2026-04-02 05:10:49.384286+00:00
FIVE_150,9031,367,2026-04-02 05:16:22.729418+00:00
FIVE_150,8870,367,2026-03-24 06:32:09.417406+00:00
FIVE_150,9034,368,2026-04-02 05:17:12.313617+00:00
FIVE_150,8886,371,2026-03-25 09:03:18.755830+00:00
FIVE_150,9035,372,2026-04-02 05:17:24.643478+00:00
FIVE_150,8936,372,2026-03-28 10:04:19.772022+00:00
FIVE_150,9036,374,2026-04-02 05:17:28.716372+00:00
FIVE_150,8996,374,2026-04-02 04:29:17.133056+00:00
FIVE_150,9040,380,2026-04-02 05:18:32.409274+00:00
FIVE_150,9000,380,2026-04-02 04:29:30.395441+00:00
FIVE_150,9037,387,2026-04-02 05:17:43.805038+00:00
FIVE_150,9001,387,2026-04-02 04:29:42.258178+00:00
FIVE_150,9038,391,2026-04-02 05:18:00.552384+00:00
FIVE_150,9002,391,2026-04-02 04:29:54.455294+00:00
FIVE_150,8986,393,2026-04-01 12:16:34.892882+00:00
FIVE_150,9057,395,2026-04-02 08:19:33.083347+00:00
FIVE_150,9041,395,2026-04-02 05:18:47.385480+00:00
FIVE_150,8988,395,2026-04-01 12:28:22.560846+00:00
THREE_150,8805,32,2026-03-09 07:12:02.654898+00:00
THREE_150,8803,32,2026-03-09 07:08:21.425250+00:00
THREE_150,8779,32,2026-02-26 02:03:47.793591+00:00
THREE_150,8605,32,2026-02-08 10:24:19.412444+00:00
THREE_150,8604,32,2026-02-08 10:24:16.619524+00:00
THREE_150,8654,125,2026-02-08 10:34:37.774715+00:00
THREE_150,8653,125,2026-02-08 10:34:14.130585+00:00
THREE_150,8652,125,2026-02-08 10:33:52.116321+00:00
THREE_150,8641,125,2026-02-08 10:30:18.070765+00:00
THREE_150,8640,125,2026-02-08 10:30:02.618154+00:00
THREE_150,8630,125,2026-02-08 10:27:35.693126+00:00
THREE_150,8629,125,2026-02-08 10:27:20.334550+00:00
THREE_150,8727,134,2026-02-18 12:25:19.577189+00:00
THREE_150,8725,134,2026-02-18 12:25:17.356607+00:00
THREE_150,8851,136,2026-03-17 03:56:39.091732+00:00
THREE_150,8849,136,2026-03-17 03:56:35.563809+00:00
THREE_150,8775,136,2026-02-25 04:58:44.077740+00:00
THREE_150,8773,136,2026-02-25 04:58:42.410400+00:00
THREE_150,8771,136,2026-02-25 04:56:41.928640+00:00
THREE_150,8769,136,2026-02-25 04:56:40.379833+00:00
THREE_150,8657,136,2026-02-08 10:35:44.708939+00:00
THREE_150,8656,136,2026-02-08 10:35:21.692515+00:00
THREE_150,8655,136,2026-02-08 10:34:57.675637+00:00
THREE_150,8735,183,2026-02-19 07:26:26.518184+00:00
THREE_150,8733,183,2026-02-19 07:26:24.015287+00:00
THREE_150,8831,193,2026-03-10 10:04:14.562987+00:00
THREE_150,8829,193,2026-03-10 10:04:11.987037+00:00
THREE_150,8659,193,2026-02-08 10:36:35.219288+00:00
THREE_150,8678,194,2026-02-08 10:45:22.790836+00:00
THREE_150,8687,204,2026-02-09 19:15:21.129059+00:00
THREE_150,8685,204,2026-02-09 19:15:19.909822+00:00
THREE_150,8669,206,2026-02-08 10:40:55.312158+00:00
THREE_150,8661,207,2026-02-08 10:37:19.105615+00:00
THREE_150,8668,208,2026-02-08 10:40:24.916273+00:00
THREE_150,8662,209,2026-02-08 10:37:51.635738+00:00
THREE_150,8663,210,2026-02-08 10:38:15.102868+00:00
THREE_150,8664,211,2026-02-08 10:38:39.777307+00:00
THREE_150,8666,215,2026-02-08 10:39:32.859829+00:00
THREE_150,8665,216,2026-02-08 10:39:05.347529+00:00
THREE_150,8667,220,2026-02-08 10:39:58.877216+00:00
THREE_150,8670,222,2026-02-08 10:41:25.594479+00:00
THREE_150,8767,223,2026-02-22 04:33:52.724964+00:00
THREE_150,8765,223,2026-02-22 04:33:50.023024+00:00
THREE_150,8672,224,2026-02-08 10:42:23.238200+00:00
THREE_150,8671,228,2026-02-08 10:41:54.422683+00:00
THREE_150,8674,229,2026-02-08 10:43:23.187452+00:00
THREE_150,8673,229,2026-02-08 10:42:55.769662+00:00
THREE_150,8763,230,2026-02-21 13:40:18.059250+00:00
THREE_150,8761,230,2026-02-21 13:40:16.589141+00:00
THREE_150,8833,232,2026-03-10 10:21:34.050075+00:00
THREE_150,8675,233,2026-02-08 10:43:52.157096+00:00
THREE_150,8676,236,2026-02-08 10:44:23.185677+00:00
THREE_150,8677,237,2026-02-08 10:44:52.742693+00:00
THREE_150,8857,245,2026-03-21 17:07:43.320996+00:00
THREE_150,8683,247,2026-02-09 14:11:18.799591+00:00
THREE_150,8681,247,2026-02-09 14:11:17.201488+00:00
THREE_150,8747,270,2026-02-20 11:10:16.814507+00:00
THREE_150,8745,270,2026-02-20 11:10:15.477263+00:00
THREE_150,8691,274,2026-02-14 15:24:41.758086+00:00
THREE_150,8689,274,2026-02-14 15:24:40.634958+00:00
THREE_150,8695,275,2026-02-14 15:24:54.070853+00:00
THREE_150,8693,275,2026-02-14 15:24:50.832834+00:00
THREE_150,8827,277,2026-03-09 08:10:52.085292+00:00
THREE_150,8825,277,2026-03-09 08:10:49.393052+00:00
THREE_150,8823,277,2026-03-09 08:10:40.949086+00:00
THREE_150,8821,277,2026-03-09 08:10:39.299956+00:00
THREE_150,8819,277,2026-03-09 08:10:31.130938+00:00
THREE_150,8817,277,2026-03-09 08:10:29.322969+00:00
THREE_150,8815,277,2026-03-09 08:10:15.719815+00:00
THREE_150,8813,277,2026-03-09 08:10:13.279345+00:00
THREE_150,8811,277,2026-03-09 08:10:08.985127+00:00
THREE_150,8809,277,2026-03-09 08:10:07.280867+00:00
THREE_150,8797,277,2026-03-04 17:07:10.201488+00:00
THREE_150,8795,277,2026-03-04 17:07:08.276588+00:00
THREE_150,8793,277,2026-03-04 17:06:58.683049+00:00
THREE_150,8791,277,2026-03-04 17:06:56.283025+00:00
THREE_150,8789,277,2026-03-04 17:06:47.193131+00:00
THREE_150,8787,277,2026-03-04 17:06:44.676875+00:00
THREE_150,8699,277,2026-02-15 16:33:59.523058+00:00
THREE_150,8697,277,2026-02-15 16:33:57.754604+00:00
THREE_150,8703,279,2026-02-15 16:34:06.732394+00:00
THREE_150,8701,279,2026-02-15 16:34:04.568606+00:00
THREE_150,8711,280,2026-02-16 06:51:18.314003+00:00
THREE_150,8709,280,2026-02-16 06:51:16.555095+00:00
THREE_150,8707,281,2026-02-16 06:50:41.804927+00:00
THREE_150,8705,281,2026-02-16 06:50:40.057199+00:00
THREE_150,8715,282,2026-02-16 10:12:31.970147+00:00
THREE_150,8713,282,2026-02-16 10:12:30.165237+00:00
THREE_150,8731,286,2026-02-18 12:25:29.613431+00:00
THREE_150,8729,286,2026-02-18 12:25:28.276086+00:00
THREE_150,8723,288,2026-02-17 14:36:31.776831+00:00
THREE_150,8721,288,2026-02-17 14:36:30.668507+00:00
THREE_150,8777,294,2026-02-25 06:48:51.356825+00:00
THREE_150,8879,295,2026-03-25 08:18:01.968939+00:00
THREE_150,8877,295,2026-03-25 08:17:55.652164+00:00
THREE_150,8875,295,2026-03-25 08:17:47.655866+00:00
THREE_150,8873,295,2026-03-25 07:48:22.011513+00:00
THREE_150,8739,295,2026-02-19 15:27:08.777079+00:00
THREE_150,8737,295,2026-02-19 15:27:07.292142+00:00
THREE_150,8759,298,2026-02-21 04:16:58.495397+00:00
THREE_150,8757,298,2026-02-21 04:16:56.630805+00:00
THREE_150,8755,304,2026-02-21 04:08:30.100647+00:00
THREE_150,8753,304,2026-02-21 04:08:28.594468+00:00
THREE_150,8781,326,2026-02-26 03:58:48.012967+00:00
THREE_150,8783,328,2026-03-02 04:25:15.123256+00:00
THREE_150,8785,333,2026-03-04 11:52:38.475867+00:00
THREE_150,8835,337,2026-03-11 06:24:29.382997+00:00
THREE_150,8841,338,2026-03-13 14:18:29.216862+00:00
THREE_150,8799,341,2026-03-08 16:54:54.858432+00:00
THREE_150,8801,343,2026-03-09 06:02:27.704007+00:00
THREE_150,8855,345,2026-03-21 17:04:01.030586+00:00
THREE_150,8837,346,2026-03-11 06:28:41.219001+00:00
THREE_150,8853,347,2026-03-18 15:38:41.062880+00:00
THREE_150,8839,348,2026-03-11 12:01:17.644460+00:00
THREE_150,8859,349,2026-03-22 13:40:00.364664+00:00
THREE_150,8845,357,2026-03-16 07:08:39.794798+00:00
THREE_150,8847,358,2026-03-16 16:21:18.653915+00:00
THREE_150,8925,362,2026-03-25 18:32:02.945798+00:00
THREE_150,8923,362,2026-03-25 14:58:34.865848+00:00
THREE_150,8921,362,2026-03-25 11:11:26.824849+00:00
THREE_150,8919,362,2026-03-25 11:11:11.970612+00:00
THREE_150,8917,362,2026-03-25 11:11:01.151885+00:00
THREE_150,8915,362,2026-03-25 11:10:51.054882+00:00
THREE_150,8913,362,2026-03-25 11:10:38.052704+00:00
THREE_150,8911,362,2026-03-25 11:10:21.675693+00:00
THREE_150,8909,362,2026-03-25 11:10:04.982412+00:00
THREE_150,8907,362,2026-03-25 11:09:50.875106+00:00
THREE_150,8905,362,2026-03-25 11:09:40.732962+00:00
THREE_150,8903,362,2026-03-25 11:09:29.683963+00:00
THREE_150,8901,362,2026-03-25 11:09:17.956883+00:00
THREE_150,8899,362,2026-03-25 11:09:09.404281+00:00
THREE_150,8897,362,2026-03-25 11:08:58.665932+00:00
THREE_150,8895,362,2026-03-25 11:08:47.612059+00:00
THREE_150,8893,362,2026-03-25 11:08:35.950499+00:00
THREE_150,8891,362,2026-03-25 11:08:21.163223+00:00
THREE_150,8889,362,2026-03-25 11:07:52.258088+00:00
THREE_150,8885,362,2026-03-25 08:27:27.927451+00:00
THREE_150,8883,362,2026-03-25 08:27:20.504285+00:00
THREE_150,8881,362,2026-03-25 08:27:11.183432+00:00
THREE_150,8861,362,2026-03-24 03:21:54.719817+00:00
THREE_150,8865,364,2026-03-24 03:52:34.873921+00:00
THREE_150,8871,367,2026-03-24 06:32:10.858122+00:00
THREE_150,8887,371,2026-03-25 09:03:20.465273+00:00
THREE_150,8937,372,2026-03-28 10:04:21.587205+00:00
THREE_150,8946,374,2026-03-28 14:21:39.083039+00:00
THREE_150,8984,380,2026-03-31 14:33:20.200703+00:00
THREE_150,8953,387,2026-03-29 07:57:42.046150+00:00
THREE_150,8962,391,2026-03-29 13:52:05.582488+00:00
THREE_150,8987,393,2026-04-01 12:16:38.030798+00:00
THREE_150,8989,395,2026-04-01 12:28:24.682865+00:00
